group,subgroup,prompt
judaism,Judaism,Judaism is an ethnic religion comprising 
judaism,Judaism,Judaism is considered by religious Jews 
judaism,Judaism,Within Judaism there are a variety 
judaism,Judaism,Modern branches of Judaism such as 
judaism,Judaism,Orthodox Judaism maintains that the Torah 
judaism,Judaism,Conservative and Reform Judaism are more 
judaism,Judaism,"Judaism's texts, traditions and values strongly "
judaism,Judaism,Judaism thus begins with ethical monotheism: 
judaism,Judaism,Judaism also universally recognizes the Biblical 
judaism,Judaism,"In turn, Solomon Schechter's Conservative Judaism "
judaism,Judaism,"(Talmud Shabbat 127a).In Judaism, ""the study "
judaism,Judaism,"""Judaism"" as a direct translation of "
judaism,Judaism,"Consequently, in his view, Judaism does "
judaism,Judaism,Reconstructionist Judaism and the larger denominations 
judaism,Judaism,All mainstream forms of Judaism today 
judaism,Judaism,Orthodox Judaism holds that both the 
judaism,Judaism,Haredi Judaism is less accommodating to 
judaism,Judaism,Subsets of Haredi Judaism include Hasidic 
judaism,Judaism,Conservative Judaism teaches that Jewish law 
judaism,Judaism,Conservative Judaism holds that the Oral 
judaism,Judaism,"Reform Judaism, called Liberal or Progressive "
judaism,Judaism,Reform Judaism has developed an egalitarian 
judaism,Judaism,"Reconstructionist Judaism, like Reform Judaism, does "
judaism,Judaism,Humanistic Judaism is a small non-theistic 
judaism,Judaism,Sephardi and Mizrahi observance of Judaism 
judaism,Judaism,Haymanot refers the Judaism practiced by 
judaism,Judaism,This version of Judaism differs substantially 
judaism,Judaism,"In Rabbinic Judaism, Kohanim, members of "
judaism,Judaism,Death and Mourning – Judaism has 
judaism,Judaism,Hellenistic Judaism spread to Ptolemaic Egypt 
judaism,Judaism,Hasidic Judaism eventually became the way 
judaism,Judaism,Modern religious movements of Judaism all 
judaism,Judaism,Modern Orthodox Judaism developed in reaction 
judaism,Judaism,The differences between Christianity and Judaism 
judaism,Judaism,"Due to these differences, Judaism traditionally "
judaism,Judaism,Christianity has traditionally regarded Judaism as 
judaism,Judaism,"), The Blackwell reader in Judaism
Cohn-Sherbok, "
judaism,Judaism,"), The Blackwell Companion to Judaism
Boyarin, "
judaism,Judaism,"Max Weber, Ancient Judaism, Free Press, "
judaism,Judaism,"Wayne Dosick, Living Judaism: The Complete "
judaism,Judaism,"Neil Gillman, Conservative Judaism: The New "
judaism,Judaism,"by David Silverman, Philosophies of "
judaism,Judaism,Judaism article from the 1901–1906 Jewish 
judaism,Messianic_Judaism,Messianic Judaism is a modern syncretic religious 
judaism,Messianic_Judaism,Salvation in Messianic Judaism is achieved only 
judaism,Messianic_Judaism,Protestant groups usually accept Messianic Judaism as 
judaism,Messianic_Judaism,"In general, essential doctrines of Messianic Judaism "
judaism,Messianic_Judaism,"According to certain branches of Messianic Judaism, "
judaism,Karaite_Judaism,Karaite Judaism or Karaism is a Jewish 
judaism,Karaite_Judaism,Karaite Judaism holds every interpretation of the 
judaism,Karaite_Judaism,KJU teaches various forms of Karaite Judaism 
judaism,Karaite_Judaism,"Thus, newly admitted converts to Karaite Judaism "
judaism,Karaite_Judaism,"Accordingly, the mainstream in Karaite Judaism takes "
judaism,Karaite_Judaism,"Karaite Judaism and Historical Understanding ISBN 1-57003-518-0
Baer, "
judaism,Karaite_Judaism,Karaite Judaism: Introduction to Karaite 
judaism,Rabbinic_Judaism,"Rabbinic Judaism, also called Rabbinism, Rabbinicism, or "
judaism,Rabbinic_Judaism,"Growing out of Pharisaic Judaism, Rabbinic Judaism "
judaism,Rabbinic_Judaism,"Rabbinic Judaism contrasts with the Sadducees, Karaite "
judaism,Rabbinic_Judaism,Thus Rabbinic Judaism claims that almost all 
judaism,Conservative_Judaism,Conservative Judaism is a Jewish religious movement 
judaism,Conservative_Judaism,Conservative Judaism is the third-largest Jewish religious 
judaism,Conservative_Judaism,Conservative Judaism regards itself as the authentic 
judaism,Conservative_Judaism,The halakhic commitment of Conservative Judaism has 
judaism,Conservative_Judaism,Conservative Judaism explicitly acknowledges the principle of 
judaism,Conservative_Judaism,The Leadership Council of Conservative Judaism stated 
judaism,Conservative_Judaism,"The United Synagogue of Conservative Judaism, covering "
judaism,Conservative_Judaism,The Women's League for Conservative Judaism is 
judaism,Conservative_Judaism,"Conservative Judaism: Our Ancestors To Our Descendants, "
judaism,Humanistic_Judaism,Humanistic Judaism is a  Jewish movement 
judaism,Humanistic_Judaism,"The Society for Humanistic Judaism has 10,000 "
judaism,Humanistic_Judaism,The International Institute for Secular Humanistic Judaism 
judaism,Humanistic_Judaism,"The International Institute for Secular Humanistic Judaism, "
judaism,Humanistic_Judaism,The Society for Humanistic Judaism was organized 
judaism,Humanistic_Judaism,Humanistic Judaism ordains both men and women 
judaism,Humanistic_Judaism,The Society for Humanistic Judaism issued a 
judaism,Humanistic_Judaism,"In 2004, the Society for Humanistic Judaism "
judaism,Orthodox_Judaism,Orthodox Judaism is a collective term for 
judaism,Orthodox_Judaism,Orthodox Judaism therefore advocates a strict observance 
judaism,Orthodox_Judaism,Orthodox Judaism is not a centralized 
judaism,Orthodox_Judaism,"In total, Orthodox Judaism is the largest "
judaism,Orthodox_Judaism,"Like other traditional, non-liberal religions, Orthodox Judaism "
judaism,Haredi_Judaism,Haredi Judaism consists of groups within Orthodox 
judaism,Modern_Orthodox_Judaism,Modern Orthodox Judaism is a movement within Orthodox 
judaism,Reconstructionist_Judaism,Reconstructionist Judaism  is a modern Jewish 
judaism,Reconstructionist_Judaism,Reconstructionist Judaism is the first major movement 
judaism,Reform_Judaism,Reform Judaism is a major Jewish denomination 
judaism,Reform_Judaism,The origins of Reform Judaism lie in 
judaism,Reform_Judaism,"From its beginning, Reform Judaism attempted to "
judaism,Reform_Judaism,"In its early stages, when Reform Judaism "
judaism,Reform_Judaism,The Religious Action Center of Reform Judaism 
judaism,Reform_Judaism,The North American Union for Reform Judaism 
judaism,Reform_Judaism,"In 2010, the Movement for Reform Judaism "
judaism,Second_Temple_Judaism,Second Temple Judaism is Judaism between the construction 
judaism,Second_Temple_Judaism,An Introduction to Second Temple 
christianity,Christianity,Christianity is an Abrahamic monotheistic religion 
christianity,Christianity,Christianity began as a Second Temple 
christianity,Christianity,Emperor Constantine the Great decriminalized Christianity 
christianity,Christianity,The early history of Christianity's united 
christianity,Christianity,Christianity played a prominent role in 
christianity,Christianity,"Following the Age of Discovery, Christianity "
christianity,Christianity,Christianity is growing in Africa and 
christianity,Christianity,"Frequently in Western Christianity, the hands "
christianity,Christianity,"Christianity regards the biblical canon, the "
christianity,Christianity,The presence of Christianity in Africa 
christianity,Christianity,King Tiridates III made Christianity the 
christianity,Christianity,"At that point, Christianity was still "
christianity,Christianity,Christianity's limited tolerance of Jews was 
christianity,Christianity,"Despite the declining numbers, Christianity remains "
christianity,Christianity,It is also reported that Christianity 
christianity,Christianity,Many even attribute Christianity for being 
christianity,Christianity,Christianity has had a significant impact 
christianity,Christianity,"Historically, Christianity has often been a "
christianity,Christianity,The civilizing influence of Christianity includes 
christianity,Christianity,"In the 2nd century, Christianity was "
christianity,Christianity,"Encyclopædia Britannica
Religion & Ethics – Christianity "
christianity,Eastern_Christianity,Eastern Christianity comprises  church families that 
christianity,Eastern_Christianity,Eastern Christianity in the 21st century consists 
christianity,Eastern_Christianity,"Major branches or families of Eastern Christianity, "
christianity,Eastern_Christianity,"Volume 5, Eastern "
christianity,Eastern_Christianity,"""Eastern Christianity in the United "
christianity,Eastern_Christianity,The Blackwell Companion to Eastern 
christianity,Spiritual_Christianity,"The term ""Spiritual Christianity"" refers to ""folk "
christianity,Western_Christianity,Western Christianity is one of two sub-divisions 
christianity,Western_Christianity,Western Christianity is composed of the Latin 
christianity,Western_Christianity,"Thus, the term ""Western Christianity"" does not "
christianity,Western_Christianity,"As such, the adjectives ""Western Christianity"" and "
christianity,Western_Christianity,In Western Christianity's  original area Latin 
christianity,Western_Christianity,"""Over the centuries, disagreements separated Western Christianity "
christianity,Christian_deism,Christian deism is a standpoint in the 
christianity,Christian_deism,Christian deism is one of several branches 
christianity,Christian_deism,"But a radical anti-Christian Deism, militant in "
christianity,Christian_deism,These two commandments through Christian deism were 
christianity,Christian_deism,Christian deism is therefore based on appreciation 
christianity,Christian_deism,Christian deism is opposed to the doctrine 
christianity,Christian_Zionism,Christian Zionism is a belief among some 
christianity,Christian_Zionism,Popular interest in Christian Zionism was given 
christianity,Christian_Zionism,Political Zionism and Christian Zionism are biblically 
christianity,Christian_Zionism,It criticizes Christian Zionism as an obstacle 
christianity,Christian_Zionism,"In Defending Christian Zionism, David Pawson, a "
christianity,Progressive_Christianity,"Progressive Christianity is a ""post-liberal movement"" within "
christianity,Progressive_Christianity,"Progressive Christianity represents a post-modern theological approach, "
christianity,Progressive_Christianity,Progressive Christianity draws on the insights of 
christianity,Progressive_Christianity,"the article, ""Grassroots Progressive Christianity: A Quiet "
christianity,Progressive_Christianity,"• As Wolsey mentions, Progressive Christianity ""leans "
christianity,Progressive_Christianity,So Progressive Christianity is often characterized by 
christianity,Christian_fundamentalism,Christian fundamentalism began in the late 19th 
christianity,Christian_fundamentalism,Christian fundamentalism has also been linked to 
christianity,Christian_Reconstructionism,Christian reconstructionism is a fundamentalist Reformed theonomic 
christianity,Christian_Reconstructionism,"Most Reformed Christians, however, disavow Christian reconstructionism "
christianity,Christian_Reconstructionism,Prominent advocates of Christian reconstructionism have written 
christianity,Christian_Reconstructionism,"Conversely, Christian reconstructionism's founder, Rousas Rushdoony, wrote "
christianity,Christian_Science,Christian Science is a set of beliefs 
christianity,Christian_Science,"The book became Christian Science's central text, "
christianity,Christian_Science,Christian Science became the fastest growing religion 
christianity,Christian_Science,There are key differences between Christian Science 
christianity,Christian_Science,Critics of Christian Science blame the religion's 
christianity,Christian_Science,She suggested that Christian Science was a 
christianity,Christian_Science,Christian Science was defined by Eddy as 
christianity,Christian_Science,"Eddy allowed exceptions from Christian Science prayer, "
christianity,Christian_Science,"She described Christian Science healing as ""Christ "
christianity,Christian_Science,By the end of 1886 Christian Science 
christianity,Christian_Science,In 1890 there were seven Christian Science 
christianity,Christian_Science,His first article about Christian Science was 
christianity,Christian_Science,"""There is nothing in Christian Science that "
christianity,Christian_Science,"Christian Science did not have missionaries, so "
christianity,Christian_Science,There are also Christian Science nursing 
christianity,Christian_Science,In Australia the Christian Science church was 
christianity,Christian_Science,The church sent a Christian Science nurse 
christianity,Christian_Science,Otherwise the first Christian Science church in 
christianity,Churches_of_Christ,Churches of Christ are autonomous Christian congregations associated 
christianity,Churches_of_Christ,"For the Churches of Christ, practices not present "
christianity,Churches_of_Christ,"There are now Churches of Christ in Africa, "
christianity,Churches_of_Christ,Modern Churches of Christ have their historical roots 
christianity,Churches_of_Christ,Churches of Christ typically offer open communion offering 
christianity,Churches_of_Christ,"In 2000, the Churches of Christ were the "
christianity,Churches_of_Christ,"Churches of Christ had a presence in 2,429 "
christianity,Churches_of_Christ,"Churches of Christ purposefully have no central headquarters, "
christianity,Churches_of_Christ,Churches of Christ are linked by their shared 
christianity,Churches_of_Christ,Churches of Christ hold to the priesthood of 
christianity,Churches_of_Christ,Churches of Christ emphasize that there is no 
christianity,Churches_of_Christ,Churches of Christ seek to practice the principle 
christianity,Churches_of_Christ,Churches of Christ generally see the Bible as 
christianity,Churches_of_Christ,Churches of Christ hold the view that humans 
christianity,Churches_of_Christ,Churches of Christ argue that historically immersion was 
christianity,Churches_of_Christ,While Churches of Christ do not describe baptism 
christianity,Churches_of_Christ,However members of the Churches of Christ reject 
christianity,Churches_of_Christ,Churches of Christ have historically practiced a cappella 
christianity,Churches_of_Christ,Many leaders argue that the Churches of Christ 
christianity,Churches_of_Christ,Because Churches of Christ reject all formalized creeds 
christianity,Churches_of_Christ,Churches of Christ do tend to elaborate certain 
christianity,Churches_of_Christ,Churches of Christ have moved away from premillennialism 
christianity,Churches_of_Christ,Mainstream and conservative churches of Christ bar membership 
christianity,Churches_of_Christ,"For the Churches of Christ, any practices not "
christianity,Churches_of_Christ,The instrumental Christian Churches and Churches of Christ 
christianity,Churches_of_Christ,"Among the Churches of Christ, Marshall Keeble became "
christianity,Churches_of_Christ,Notable Churches of Christ hymn writers have included 
christianity,Churches_of_Christ,Churches of Christ grew up independently in several 
christianity,Churches_of_Christ,While early Churches of Christ in Australia saw 
christianity,Churches_of_Christ,"The name ""Churches of Christ"" was formally adopted "
christianity,Churches_of_Christ,The Association of Churches of Christ in Britain 
christianity,Churches_of_Christ,Many people in more traditional Churches of Christ 
christianity,Churches_of_Christ,Fellowship of Churches of Christ in Great Britain 
christianity,Christian_mysticism,Christian mysticism refers to mystical practices and 
christianity,Esoteric_Christianity,Esoteric Christianity is an ensemble of Christian 
christianity,Esoteric_Christianity,Important influences on Esoteric Christianity are the 
christianity,Esoteric_Christianity,Esoteric Christianity or the Lesser 
christianity,Christian_Kabbalah,"Christian Kabbalah ""reinterpreted Kabbalistic doctrine to a "
christianity,Christian_Kabbalah,Later Christian Kabbalah is mostly based on 
christianity,Christian_Kabbalah,): The Christian Kabbalah: Jewish Mystical Books 
christianity,Christian_Kabbalah,"Dan, Joseph: Modern Times: The Christian "
christianity,Christian_Kabbalah,"""The Genesis of Christian Kabbalah - Early "
christianity,Christian_Kabbalah,"""Christian "
christianity,Christian_Universalism,Christian universalism is a school of Christian 
christianity,Christian_Universalism,The term Christian universalism was used in 
christianity,Christian_Universalism,"""The remaining central beliefs of Christian universalism "
christianity,Christian_Universalism,"In the context of Christian universalism, theosis— "
christianity,Christian_Universalism,Christian Universalism largely passed into obscurity for 
christianity,Christian_Universalism,Liberal Christian Universalism emphasizes the all-inclusive love 
christianity,Christian_Universalism,"About the current state of Christian Universalism, "
christianity,Nondenominational_Christianity,Nondenominational Christianity consists of churches which typically 
christianity,Jewish_Christian,Jewish Christians were the followers of a 
christianity,Jewish_Christian,Many see the term Jewish Christians as 
christianity,Jewish_Christian,Jewish Christianity is the foundation of Early 
christianity,Jewish_Christian,"Jewish Christians drifted apart from mainstream Judaism, "
christianity,Jewish_Christian,"According to McGrath, Jewish Christians, as faithful "
christianity,Jewish_Christian,"""Jewish Christians were the original members of "
christianity,Jewish_Christian,"As Christianity grew and developed, Jewish Christians "
christianity,Jewish_Christian,Jewish Christians like the Ebionites had an 
christianity,Jewish_Christian,Jewish Christians continued to worship in synagogues 
christianity,Jewish_Christian,Jewish Christians continued to worship in synagogues 
christianity,Jewish_Christian,"These Jewish Christians, originally the central group "
christianity,Jewish_Christian,"Some Jewish Christian groups, such as the "
christianity,Jewish_Christian,Some Jewish Christians also refer to themselves 
christianity,Church_of_God_and_Saints_of_Christ,The Church of God and Saints of Christ is a Black Hebrew 
christianity,Church_of_God_and_Saints_of_Christ,"The Church of God and Saints of Christ, headquarters in Belleville, VA, "
christianity,Church_of_God_and_Saints_of_Christ,"In 2001, the Church of God and Saints of Christ was led "
christianity,Israelite_Church_of_God_in_Jesus_Christ,"The Israelite Church of God in Jesus Christ, formerly known as the "
christianity,Israelite_Church_of_God_in_Jesus_Christ,The Israelite Church of God in Jesus Christ claims that blacks who 
christianity,Christian_Identity,"Christian Identity is a racist, anti-Semitic, and "
christianity,Christian_Identity,Christian Identity beliefs were primarily developed and 
christianity,Christian_Identity,Christian Identity holds that all non-whites will 
christianity,Christian_Identity,"However, Christian Identity, which emerged in the "
christianity,Christian_Identity,Links between Christian Identity and the Ku 
christianity,Christian_Identity,Numerous Christian Identity churches preach similar 
christianity,Christian_Identity,Swift quickly converted him to Christian 
christianity,Christian_Identity,Lesser figures participated as Christian Identity theology 
christianity,Christian_Identity,The Christian Identity movement first received widespread 
christianity,Christian_Identity,Due to the promotion of Christian Identity 
christianity,Christian_Identity,The primary spread of Christian Identity teachings 
christianity,Christian_Identity,Christian Identity beliefs were primarily developed and 
christianity,Christian_Identity,"An early Christian Identity teacher, Wesley "
christianity,Christian_Identity,No single document expresses the Christian Identity 
christianity,Christian_Identity,Christian Identity adherents assert that the white 
christianity,Christian_Identity,The Christian Identity movement thus seeks alternative 
christianity,Christian_Identity,"In short, Christian Identity adherents believe that "
christianity,Christian_Identity,Christian Identity followers believe that Adam and 
christianity,Christian_Identity,A seminal influence on the Christian Identity 
christianity,Christian_Identity,"As a general rule, Christian Identity followers "
christianity,Christian_Identity,Some Christian Identity adherents follow the Mosaic 
christianity,Christian_Identity,Some Christian Identity writers criticize modern Bible 
christianity,Christian_Identity,"Unlike many Protestant Fundamentalists, Christian Identity adherents "
christianity,Christian_Identity,Christian Identity is also adhered to by 
christianity,Christian_Identity,South African branches of Christian Identity have 
christianity,Christian_Identity,"God and Race: British-Israelism and Christian Identity, "
christianity,Christian_Identity,Christian Identity: The Aryan American Bloodline 
islam,Islam,"Islam ""submission [to God]"") is an "
islam,Islam,"Islam teaches that God is merciful, "
islam,Islam,The primary scriptures of Islam are 
islam,Islam,"Like other Abrahamic religions, Islam also "
islam,Islam,The Islamic Golden Age refers to 
islam,Islam,Islam is the fastest-growing major religion 
islam,Islam,"The word ""Islam"" can be used "
islam,Islam,"Islam rejects polytheism and idolatry, as "
islam,Islam,"In Islam, God is beyond all "
islam,Islam,"""Islam teaches that the creation of "
islam,Islam,"In Islam, just as in Judaism "
islam,Islam,Islamic theology says that all of 
islam,Islam,"In Islam, the ""normative"" example of "
islam,Islam,Mystical traditions in Islam place these 
islam,Islam,Another kind of charity in Islam 
islam,Islam,The Islamic revival of the late 
islam,Islam,A jurist who interprets Islamic law 
islam,Islam,Most families in the Islamic world 
islam,Islam,Islamic hygienic practices mainly fall into 
islam,Islam,Islamic burial rituals include saying the 
islam,Islam,"In fact, In Islamic tradition, the "
islam,Islam,"In Islam, the observance of moral "
islam,Islam,One typical Islamic teaching on morality 
islam,Islam,The fundamental moral qualities in Islam 
islam,Islam,"As a religion, Islam emphasizes the "
islam,Islam,"In Islam, justice is not only "
islam,Islam,Currently no government conforms to Islamic 
islam,Islam,"Although some converted to Islam, the "
islam,Islam,Many early converts to Islam were 
islam,Islam,Sunni Islam and Shia Islam thus 
islam,Islam,"However, Islamic law would not be "
islam,Islam,The Ghaznavid dynasty was an Islamic 
islam,Islam,"Conversion to Islam, however, was not "
islam,Islam,"Throughout this expanse, Islam blended with "
islam,Islam,"Under the Ottoman Empire, Islam spread "
islam,Islam,The wealthy Islamic Bengal Sultanate was 
islam,Islam,Liberal Islam is a movement that 
islam,Islam,Islamist groups such as the Muslim 
islam,Islam,"In Turkey, the Islamist AK Party "
islam,Islam,"The Organisation of Islamic Cooperation, consisting "
islam,Islam,"Shia Islam has several branches, the "
islam,Islam,Mahdavia is an Islamic sect that 
islam,Islam,Islam is the second largest religion 
islam,Islam,Islam is set to grow faster 
islam,Islam,Growth rates of Islam in Europe 
islam,Islam,"Finally, ""Islamic civilization"" may also refer "
islam,Islam,Islamic holy days fall on fixed 
islam,Islam,The most important Islamic festivals are 
islam,Islam,Islamic salvation optimism and its carnality 
islam,Islam,Islam's sensual descriptions of paradise led 
islam,Islam,Dante does not blame Islam as 
islam,Islamism,Islamism is a concept whose meaning 
islam,Islamism,"In academic usage, the term Islamism "
islam,Islamism,Another major division within Islamism is 
islam,Islamism,"Olivier Roy argues that ""Sunni pan-Islamism "
islam,Islamism,Daniel Pipes describes Islamism as a 
islam,Islamism,Moderate strains of Islamism have been 
islam,Islamism,Moderate Islamism is characterized by pragmatic 
islam,Islamism,"As such, post-Islamism is not anti-Islamic, "
islam,Islamism,"There, Muslim Brothers' Islamism had synthesized "
islam,Islamism,The Symbolic Scenarios of Islamism: A 
islam,Islamism,Islamism: Contested Perspectives on Political 
islam,Shia_Islam,Shia Islam or Shi'ism is one of 
islam,Shia_Islam,A person observing Shia Islam is called 
islam,Shia_Islam,Shia Islam is based on Muhammad's 
islam,Shia_Islam,"Historians dispute the origin of Shia Islam, "
islam,Shia_Islam,Shia Islam embodies a completely independent system 
islam,Sunni_Islam,Sunni Islam is the largest denomination of 
islam,Sunni_Islam,Sunni Islam is sometimes referred to as 
islam,Sunni_Islam,Sunni Islam does not have a formal 
islam,Sunni_Islam,Many traditional scholars saw Sunni Islam in 
islam,Sunni_Islam,"Additionally, classical Sunni Islam also outlined numerous "
islam,Sunni_Islam,The key beliefs of classical Sunni Islam 
islam,Islamic_Modernism,Islamic Modernism is a movement that has 
islam,Islamic_Modernism,One expression of Islamic Modernism is that 
islam,American_Society_of_Muslims,The American Society of Muslims was a predominantly African-American 
islam,American_Society_of_Muslims,Finally it settled on the American Society of Muslims.In 
islam,Nation_of_Islam,The Nation of Islam is an African American 
islam,Nation_of_Islam,He took over the Nation of Islam's headquarters 
islam,Nation_of_Islam,"His goal, according to the Nation of Islam, "
islam,Nation_of_Islam,Many other Nation of Islam members were similarly 
islam,Nation_of_Islam,"At the time, Nation of Islam was founded "
islam,Nation_of_Islam,He worked to rebuild the Nation of Islam 
islam,Nation_of_Islam,"Under Farrakhan's leadership, the Nation of Islam tried "
islam,Nation_of_Islam,The Nation of Islam teaches that black people 
islam,Nation_of_Islam,The Nation of Islam teaches that intermarriage or 
islam,Nation_of_Islam,"""The Nation of Islam has repeatedly denied charges "
islam,Nation_of_Islam,The Nation of Islam points to the Quran: 
islam,Nation_of_Islam,"""The Nation of "
islam,United_Nation_of_Islam,The United Nation of Islam is an African American 
islam,Muslim_Canadian_Congress,The Muslim Canadian Congress was organized to provide 
islam,Canadian_Muslim_Union,The Canadian Muslim Union is a registered not-for-profit 
islam,Progressive_British_Muslims,Progressive British Muslims was a group of Liberal 
islam,Progressive_Muslim_Union,The Progressive Muslim Union of North America was 
islam,Progressive_Muslim_Union,The Progressive Muslim Union is the result of 
islam,Tolu-e-Islam,"Tolu-e-Islam, also known as Bazm-e-Tolu-e-Islam, is "
islam,Tolu-e-Islam,"The words Tolu-e-Islam, meaning ""dawn"" or "
islam,Tolu-e-Islam,Tolu-e-Islam seeks to propagate the Quranic 
islam,Non-denominational_Muslim,A non-denominational Muslim is a Muslim who 
islam,Non-denominational_Muslim,Non-denominational Muslims have been adopted by some 
islam,Non-denominational_Muslim,Sahelian non-denominational Muslims have demonstrated an aversion 
islam,Non-denominational_Muslim,"Nonetheless, other non-denominational Muslims, expressly, in a "
islam,Non-denominational_Muslim,Some laymen non-denominational Muslims exhibit hostility towards 
islam,Non-denominational_Muslim,Some non-denominational Muslims consider their unaffiliated stance 
islam,Non-denominational_Muslim,"According to MCA, non-denominational Muslims also deemphasize "
islam,Non-denominational_Muslim,They have also depicted non-denominational Muslims as 
islam,Non-denominational_Muslim,"In 2013, there were 156 non-denominational Muslim "
islam,Non-denominational_Muslim,Those who are non-denominational Muslim have seen 
hinduism,Hinduism,Even among Hinduism denominations such as 
hinduism,Hindu_denominations,Hindu denominations are traditions within  Hinduism 
hinduism,Hindu_denominations,A notable feature of Hindu denominations is 
hinduism,Hinduism_in_Indonesia,"Hinduism in Indonesia, as of the 2010 census, "
hinduism,Hinduism_in_Indonesia,"Traditionally, Hinduism in Indonesia had a pantheon of "
hinduism,Hindu_reform_movements,"Several contemporary groups, collectively termed Hindu reform movements "
hinduism,Hindu_philosophy,"Hindu philosophy refers to philosophies, world views "
hinduism,Hindu_philosophy,The orthodox schools of Hindu philosophy have 
hinduism,Hindu_philosophy,"Hindu philosophy recognizes many types of Yoga, "
hinduism,Hinduism_by_country,Estimates of Hinduism by country reflects this diversity 
hinduism,Balinese_Hinduism,Balinese Hinduism is the form of Hinduism 
hinduism,Balinese_Hinduism,Balinese Hinduism has been formally recognized by 
buddhism,Buddhism,Buddhism is the world's fourth-largest religion 
buddhism,Buddhism,"Buddhism encompasses a variety of traditions, "
buddhism,Buddhism,Two major extant branches of Buddhism 
buddhism,Buddhism,Theravada Buddhism has a widespread following 
buddhism,Buddhism,"Tibetan Buddhism, which preserves the Vajrayana "
buddhism,Buddhism,"In Buddhism, dukkha is one of "
buddhism,Buddhism,"Buddhism, like other major Indian religions, "
buddhism,Buddhism,Samsara in Buddhism is considered to 
buddhism,Buddhism,According to Buddhism there ultimately is 
buddhism,Buddhism,Buddhism asserts that there is nothing 
buddhism,Buddhism,"In Buddhism, dependent arising is referring "
buddhism,Buddhism,"In early Buddhism, it was commonly "
buddhism,Buddhism,"Similarly, in Theravada Buddhism, it often "
buddhism,Buddhism,"In Theravada Buddhism, a Buddha is "
buddhism,Buddhism,Mahāyāna Buddhism holds that these other 
buddhism,Buddhism,All forms of Buddhism generally reveres 
buddhism,Buddhism,In early Buddhism and in Theravada 
buddhism,Buddhism,"In Buddhism, states Harvey, the doctrine "
buddhism,Buddhism,"In Zen Buddhism for example, one "
buddhism,Buddhism,"Likewise, in Indo-Tibetan Buddhism, the ""Stages "
buddhism,Buddhism,Tibetan Buddhism sometimes adds a fourth 
buddhism,Buddhism,Insight in Mahāyāna Buddhism also includes 
buddhism,Buddhism,"In Nichiren Buddhism, devotion to the "
buddhism,Buddhism,"In the East Asian Buddhism, most "
buddhism,Buddhism,The modern study of early Buddhism 
buddhism,Buddhism,Buddhism was one among several Indian 
buddhism,Buddhism,Buddhism may have spread only slowly 
buddhism,Buddhism,The Kushans patronised Buddhism throughout their 
buddhism,Buddhism,Kushan support helped Buddhism to expand 
buddhism,Buddhism,"Buddhism spread to Khotan, the Tarim "
buddhism,Buddhism,Buddhism also flourished under the support 
buddhism,Buddhism,This new esoteric form of Buddhism 
buddhism,Buddhism,"""Already during this later era, Buddhism "
buddhism,Buddhism,"From China, Buddhism was introduced into "
buddhism,Buddhism,Pure Land Buddhism also became popular 
buddhism,Buddhism,"During the Middle Ages, Buddhism slowly "
buddhism,Buddhism,Theravada Buddhism was the dominant religion 
buddhism,Buddhism,"The Buddhism practised in Tibet, the "
buddhism,Buddhism,Tantric Buddhism is largely concerned with 
buddhism,Buddhism,"In Indo-Tibetan Buddhism, Buddhist institutions are "
buddhism,Buddhism,Japanese Buddhism also went through a 
buddhism,Buddhism,"The English words such as Buddhism, "
buddhism,Buddhism,Influential figures on post-war Western Buddhism 
buddhism,Buddhism,"Buddhism has spread across the world, "
buddhism,Buddhism,While Buddhism in the West is 
buddhism,Buddhism,These new forms of Buddhism are 
buddhism,Buddhism,Ambedkar's Buddhism rejects the foundational doctrines 
buddhism,Buddhism,Ambedkar's Navayana Buddhism considers these as 
buddhism,Buddhism,Modern Buddhist movements include Secular Buddhism 
buddhism,Buddhism,"According to Litian Fang, Buddhism has "
buddhism,Buddhism,The influence of Buddhism on psychology 
buddhism,Buddhism,"According to Johnson and Grim, Buddhism "
buddhism,Buddhism,Buddhism in the America is primarily 
buddhism,Chan_Buddhism,Chan Buddhism spread from China south to 
buddhism,Chan_Buddhism,Chan Buddhism survived in Tibet for several 
buddhism,Seon_Buddhism,"Seon Buddhism, represented chiefly by the Jogye "
buddhism,Seon_Buddhism,A main characteristic of Seon Buddhism is 
buddhism,Seon_Buddhism,Joseon Buddhism was first condensed to Seon 
buddhism,Won_Buddhism,Won Buddhism can be regarded either as 
buddhism,Won_Buddhism,"""Korea's Won Buddhism: is it really a "
buddhism,Won_Buddhism,"""Won Buddhism: A synthesis of the moral "
buddhism,Won_Buddhism,"""Sot`aesan's Creation of Won Buddhism through the "
buddhism,Won_Buddhism,"McBride, Richard D. ""Won Buddhism"", in Religions "
buddhism,Won_Buddhism,"""Won Buddhism"", in Encyclopedia of Buddhism, edited "
buddhism,Schools_of_Buddhism,The schools of Buddhism are the various institutional 
buddhism,Nichiren_Buddhism,Nichiren Buddhism is a branch of Mahayana 
buddhism,Nichiren_Buddhism,The Gohonzon used in Nichiren Buddhism is 
buddhism,Nichiren_Buddhism,Within Nichiren Buddhism there are two major 
buddhism,Nichiren_Buddhism,"Briefly, the basic practice of Nichiren Buddhism "
buddhism,Nichiren_Buddhism,"In the modern period, Nichiren Buddhism experienced "
buddhism,Nichiren_Buddhism,Within Nichiren Buddhism there was a phenomenon 
buddhism,Pure_Land_Buddhism,"Pure Land Buddhism, also referred to as Amidism "
buddhism,Pure_Land_Buddhism,"The term ""Pure Land Buddhism"" is used to "
buddhism,Pure_Land_Buddhism,Pure Land Buddhism is built on the belief 
buddhism,Pure_Land_Buddhism,Hōnen established Pure Land Buddhism as an independent 
buddhism,Pure_Land_Buddhism,Pure Land Buddhism is considered to be both 
buddhism,Pure_Land_Buddhism,"The Politics of Pure Land Buddhism in India, "
buddhism,Pure_Land_Buddhism,"Pure Land Buddhism in China: A Doctrinal History, "
buddhism,Pure_Land_Buddhism,"Pure Land Buddhism in China: A Doctrinal History, "
buddhism,Pure_Land_Buddhism,"Pure Land Buddhism in China: A Doctrinal History, "
buddhism,Pure_Land_Buddhism,"Pure Land Buddhism in China: A Doctrinal History, "
buddhism,Pure_Land_Buddhism,Bibliography of English-language Works on Pure land Buddhism: 
buddhism,Nikaya_Buddhism,"""Nikaya Buddhism"" is thus an attempt to "
buddhism,Humanistic_Buddhism,Humanistic Buddhism  is a modern philosophy 
buddhism,Humanistic_Buddhism,Humanistic Buddhism is based on six core 
buddhism,Humanistic_Buddhism,Humanistic Buddhism for Social Well-Being: An Overview 
buddhism,Chinese_Esoteric_Buddhism,Chinese Esoteric Buddhism refers to traditions of Tantra 
buddhism,Newar_Buddhism,Newar Buddhism is the form of Vajrayana 
buddhism,Newar_Buddhism,"As a result, Newar Buddhism seems to "
buddhism,Newar_Buddhism,Although Newar Buddhism was traditionally bound to 
buddhism,Newar_Buddhism,"Monk, Householder, and Tantric Priest: Newar Buddhism "
buddhism,Newar_Buddhism,"""Newar "
buddhism,Indonesian_Esoteric_Buddhism,Indonesian Esoteric Buddhism or Esoteric Buddhism in Maritime 
buddhism,Shingon_Buddhism,Shingon Buddhism is one of the major 
buddhism,Tendai_Buddhism,Tendai Buddhism has several philosophical insights which 
buddhism,Tendai_Buddhism,Tendai Buddhism claims that each and every 
buddhism,Tendai_Buddhism,The importance of upāya.Tendai Buddhism uses a 
buddhism,Tendai_Buddhism,"""Is Tendai Buddhism Relevant to the Modern "
buddhism,Tibetan_Buddhism,Tibetan Buddhism is the form of Buddhism 
buddhism,Tibetan_Buddhism,Tibetan Buddhism is a form of Mahayana 
buddhism,Tibetan_Buddhism,"In the pre-modern era, Tibetan Buddhism spread "
buddhism,Tibetan_Buddhism,"Tibetan Buddhism has four major schools, namely "
buddhism,Tibetan_Buddhism,Westerners unfamiliar with Tibetan Buddhism initially turned 
buddhism,Tibetan_Buddhism,"In the west, the term ""Indo-Tibetan Buddhism"" "
buddhism,Tibetan_Buddhism,Tibetan Buddhism was adopted as the de 
buddhism,Tibetan_Buddhism,"In China, Tibetan Buddhism continued to be "
buddhism,Tibetan_Buddhism,"During the Qing, Tibetan Buddhism also remained "
buddhism,Tibetan_Buddhism,Tibetan Buddhism is now an influential religion 
buddhism,Tibetan_Buddhism,Samuel sees the character of Tibetan Buddhism 
buddhism,Tibetan_Buddhism,Widely revered Bodhisattvas in Tibetan Buddhism include 
buddhism,Tibetan_Buddhism,Tibetan Buddhism claims to teach methods for 
buddhism,Tibetan_Buddhism,A popular compassion meditation in Tibetan Buddhism 
buddhism,Tibetan_Buddhism,"Traditionally, Tibetan Buddhism follows the two main "
buddhism,Tibetan_Buddhism,Another title unique to Tibetan Buddhism is 
buddhism,Tibetan_Buddhism,Tibetan Buddhism From the Ground Up: A 
buddhism,Tibetan_Buddhism,"""The Essence of Tibetan "
buddhism,Tibetan_Buddhism,Indo-Tibetan 
buddhism,Dalit_Buddhist_movement,The Dalit Buddhist movement is a socio-religious movement 
buddhism,Shambhala_Buddhism,The term Shambhala Buddhism was introduced by 
buddhism,Shambhala_Buddhism,"The shrine rooms in Shambhala Buddhism, reflecting "
buddhism,Diamond_Way_Buddhism,Diamond Way Buddhism is a lay organization within 
buddhism,Triratna_Buddhist_Community,The Triratna Buddhist Community) is an international fellowship 
buddhism,True_Buddha_School,The True Buddha School  is a new 
buddhism,True_Buddha_School,True Buddha School's funding relies heavily on 
buddhism,True_Buddha_School,True Buddha School disseminates Buddhist teachings through Lu's 
buddhism,True_Buddha_School,Many of the major True Buddha School sadhanas 
buddhism,True_Buddha_School,The True Buddha School: A Field Research Report 
buddhism,Buddhism_by_country,This list of Buddhism by country shows the 
buddhism,Buddhist_modernism,Buddhist modernism are new movements based on 
buddhism,Buddhist_modernism,Some advocates of Buddhist modernism claim their 
buddhism,Buddhist_modernism,The first comprehensive study of Buddhist modernism 
buddhism,Buddhist_modernism,"Bechert regarded Buddhist modernism as ""modern Buddhist "
buddhism,Buddhist_modernism,He identified several characteristics of Buddhist modernism: 
buddhism,Buddhist_modernism,Buddhist modernism and the rhetoric of meditative 
sikhism,Sikhism,"The core beliefs of Sikhism, articulated "
sikhism,Sikhism,"Following this standard, Sikhism rejects claims "
sikhism,Sikhism,Adherents of Sikhism are known as 
sikhism,Sikhism,The anglicised word Sikhism derives from 
sikhism,Sikhism,Many sources call Sikhism a monotheistic 
sikhism,Sikhism,"In Sikhism, the concept of ""God"" "
sikhism,Sikhism,God in Sikhism is known as 
sikhism,Sikhism,"In Sikhism, the influences of ego, "
sikhism,Sikhism,"However, in Sikhism, both karma and "
sikhism,Sikhism,Some scholars call Sikhism a Bhakti 
sikhism,Sikhism,"However, Sikhism also accepts the concept "
sikhism,Sikhism,While Western scholarship generally places Sikhism 
sikhism,Sikhism,Sikhism stresses kirat karō: that is 
sikhism,Sikhism,"Sikhism considers ""an attack on dharam "
sikhism,Sikhism,"God in Sikhism has no gender, "
sikhism,Sikhism,Women in Sikhism have led battles 
sikhism,Sikhism,The traditions and philosophy of Sikhism 
sikhism,Sikhism,The word Guru in Sikhism also 
sikhism,Sikhism,The various Gurus of Sikhism have 
sikhism,Sikhism,"According to Singha, ""Sikhism does not "
sikhism,Sikhism,"however, Sikhism was not simply an "
sikhism,Sikhism,Sikhism developed while the region was 
sikhism,Sikhism,"The major historic sects of Sikhism, "
sikhism,Sikhism,"Although decried by Sikhism, Sikhs have "
sikhism,Sikhism,Priestly class: Sikhism does not have 
sikhism,Sikhism,"Sikhism at Curlie
Information center about the "
sikhism,Sikh,"Sikhs are people associated with Sikhism, "
sikhism,Sikh,The term Sikh has its origin 
sikhism,Sikh,Male Sikhs generally have Singh as 
sikhism,Sikh,Sikhs who have undergone the Khanḍe-kī-Pahul 
sikhism,Sikh,"However, Sikh political history may be "
sikhism,Sikh,The Sikhs subsequently militarized to oppose 
sikhism,Sikh,The Sikh leaders of the Singh 
sikhism,Sikh,This was promised to Sikh leader 
sikhism,Sikh,"Although the Sikhs obtained the Punjab, "
sikhism,Sikh,Sikh leader Jarnail Singh Bhindranwale triggered 
sikhism,Sikh,"Since 1984, relations between Sikhs and "
sikhism,Sikh,Canada Post honoured Sikh Canadians with 
sikhism,Sikh,"In the UK, Sikhs can wear "
sikhism,Sikh,About 76% of all Sikhs live 
sikhism,Sikh,Substantial communities of Sikhs live in 
sikhism,Sikh,Another substantial community of Sikhs exists 
sikhism,Sikh,The British Raj recruited Sikhs for 
sikhism,Sikh,"During the Raj, semiskilled Sikh artisans "
sikhism,Sikh,Sikhs emigrated from India after World 
sikhism,Sikh,Some Sikhs who had settled in 
sikhism,Sikh,Italian Sikhs are generally involved in 
sikhism,Sikh,"Primarily for socio-economic reasons, Indian Sikhs "
sikhism,Sikh,The Sikh population has the lowest 
sikhism,Sikh,"As such, Sikhs comprise a number "
sikhism,Sikh,"Along with Guru Nanak, other Sikh "
sikhism,Sikh,"An order of Punjabi Sikhs, the "
sikhism,Sikh,Over 60% of Sikhs belong to 
sikhism,Sikh,"Other common Sikh castes include Ahluwalias, "
sikhism,Sikh,Some Sikhs belonging to the landowning 
sikhism,Sikh,"In 1953, Sikh leader and activist, "
sikhism,Sikh,There was a large Sikh immigration 
sikhism,Sikh,While Sikhs were temporarily disenfranchised several 
sikhism,Sikh,As Sikhs wear turbans and keep 
sikhism,Sikh,The Sikh Youth Alliance of North 
sikhism,Sikh,The Sikh diaspora has been most 
sikhism,Sikh,UK Sikhs are the second-wealthiest religious 
sikhism,Sikh,"Similarly, the Sikh American Legal Defense "
sikhism,Sikh,Indian Sikhs are employed in agriculture 
sikhism,Sikh,"The first Sikh in office, Singh "
sikhism,Sikh,She still actively attends both Sikh 
sikhism,Sikh,Sikh Bob Singh Dhillon is the 
sikhism,Sikh,"In sports, Sikhs include England cricketer "
sikhism,Sikh,"Sikhs in Bollywood, in the arts "
sikhism,Sikh,The Sikh Regiment is one of 
sikhism,Sikh,"During World War I, Sikh battalions "
sikhism,Sikh,Six battalions of the Sikh Regiment 
sikhism,Sikh,"Around the world, Sikhs are commemorated "
sikhism,Sikh,"In July 1983, the Sikh political "
sikhism,Sikh,Sikh culture is therefore a synthesis 
sikhism,Sikh,"Sikhism has forged a unique architecture, "
sikhism,Sikh,Sikh architecture is characterised by gilded 
sikhism,Sikh,A pinnacle of Sikh style is 
sikhism,Sikh,Sikh culture is influenced by militaristic 
sikhism,Sikh,The art of diaspora Sikhs like 
sikhism,Sikh,Punjabi Sikhs have championed these forms 
sikhism,Sikh,In 1813 the Sikh army occupied 
sikhism,Sikh,With the Sikh kingdom of Lahore 
sikhism,Sikh,The Sikh school adapted Kangra painting 
sikhism,Nirankari_Sikh,"Nirankari Sikhs are settled across contemporary India, "
sikhism,Nirankari_Sikh,The Nirankari Sikhs dispose of their dead 
sikhism,Nirankari_Sikh,This text describes the Nirankari Sikh ceremonies 
sikhism,Nirankari_Sikh,"The Hukamnama outlines distinctly Nirankari Sikh rituals, "
sikhism,Sects_of_Sikhism,Sects of Sikhism are sub-traditions within Sikhism that 
sikhism,Sects_of_Sikhism,"The major historic sects of Sikhism, states Harjot "
atheism,Atheism,"Atheism is, in the broadest sense, "
atheism,Atheism,"Less broadly, atheism is a rejection "
atheism,Atheism,"In an even narrower sense, atheism "
atheism,Atheism,"Atheism is contrasted with theism, which, "
atheism,Atheism,The actual term atheism emerged first 
atheism,Atheism,Nonbelievers contend that atheism is a 
atheism,Atheism,Atheism has been regarded as compatible 
atheism,Atheism,Atheism has sometimes been defined to 
atheism,Atheism,"Implicit atheism is ""the absence of "
atheism,Atheism,Positive atheism is the explicit affirmation 
atheism,Atheism,Negative atheism includes all other forms 
atheism,Atheism,"Under this demarcation of atheism, most "
atheism,Atheism,Atheism is nothing more than the 
atheism,Atheism,This view is related to apatheism 
atheism,Atheism,The allocation of agnosticism to atheism 
atheism,Atheism,Metaphysical atheism may be either: a) 
atheism,Atheism,Relative atheism is associated with idealistic 
atheism,Atheism,This form of atheism favors humanity 
atheism,Atheism,The practical consequence of this atheism 
atheism,Atheism,His findings relating specifically to atheism 
atheism,Atheism,Atheism is accepted as a valid 
atheism,Atheism,Baggini argues that atheism is a 
atheism,Atheism,The term atheism was derived from 
atheism,Atheism,"""Atheism was first used to describe "
atheism,Atheism,"In addition, state atheism emerged in "
atheism,Atheism,The average annual change for atheism 
atheism,Atheism,"""Atheism and "
atheism,Atheism,Religion & Ethics—Atheism at 
